﻿"Educational attainment of the population aged 25 to 64, by age group and sex, Organisation for Economic Co-operation and Development (OECD), Canada, provinces and territories 1 2 3 4 5 6"
"Frequency: Occasional"
"Table: 37-10-0130-01 (formerly CANSIM 477-0135)"
"Release date: 2024-10-22"
"Geography: Canada, Province or territory"
""
""

,"Age group","Total, 25 to 64 years",,,,
,"Sex","Both sexes",,,,
"Geography","Educational attainment level 7","2019","2020","2021","2022","2023"
,,"Percent",,,,
"Organisation for Economic Co-operation and Development (OECD) - average 8","Below upper secondary 9","21","20","20","20","19"
,"Upper secondary and post-secondary non-tertiary","41","41","41","40","40"
,"Tertiary education","38","39","40","41","41"
"Canada 10","Below upper secondary 9","8A","8A","7A","7A","7A"
,"Upper secondary and post-secondary non-tertiary","33A","32A","31A","30A","30A"
,"Tertiary education","59A","60A","62A","63A","63A"
"Newfoundland and Labrador","Below upper secondary 9","11A","11B","11B","9B","9B"
,"Upper secondary and post-secondary non-tertiary","38A","37A","35A","33A","34A"
,"Tertiary education","51A","52A","54A","58A","57A"
"Prince Edward Island","Below upper secondary 9","10A","9B","7B","7B","7B"
,"Upper secondary and post-secondary non-tertiary","34A","32A","32A","28A","28A"
,"Tertiary education","56A","59A","61A","65A","65A"
"Nova Scotia","Below upper secondary 9","9A","8A","8A","8A","7B"
,"Upper secondary and post-secondary non-tertiary","36A","34A","31A","31A","31A"
,"Tertiary education","55A","58A","61A","61A","62A"
"New Brunswick","Below upper secondary 9","11A","10A","8A","8A","8A"
,"Upper secondary and post-secondary non-tertiary","35A","34A","33A","32A","32A"
,"Tertiary education","53A","56A","59A","60A","60A"
"Quebec","Below upper secondary 9","10A","10A","10A","9A","9A"
,"Upper secondary and post-secondary non-tertiary","35A","34A","33A","33A","33A"
,"Tertiary education","54A","56A","57A","58A","58A"
"Ontario","Below upper secondary 9","7A","6A","6A","6A","6A"
,"Upper secondary and post-secondary non-tertiary","28A","28A","26A","25A","25A"
,"Tertiary education","65A","66A","68A","69A","70A"
"Manitoba","Below upper secondary 9","11A","9A","8A","8A","8A"
,"Upper secondary and post-secondary non-tertiary","35A","35A","35A","35A","33A"
,"Tertiary education","54A","55A","57A","57A","59A"
"Saskatchewan","Below upper secondary 9","9A","9A","7A","7A","7A"
,"Upper secondary and post-secondary non-tertiary","46A","44A","43A","42A","41A"
,"Tertiary education","45A","48A","50A","51A","52A"
"Alberta","Below upper secondary 9","8A","7A","6A","7A","7A"
,"Upper secondary and post-secondary non-tertiary","36A","38A","36A","36A","35A"
,"Tertiary education","56A","55A","58A","57A","58A"
"British Columbia","Below upper secondary 9","6A","6A","5B","5A","5A"
,"Upper secondary and post-secondary non-tertiary","35A","35A","32A","32A","32A"
,"Tertiary education","59A","59A","62A","63A","63A"
"Yukon","Below upper secondary 9","7B","8B","8B","10B","9B"
,"Upper secondary and post-secondary non-tertiary","38A","36A","33B","31B","33A"
,"Tertiary education","55A","56A","59A","60A","58A"
"Northwest Territories","Below upper secondary 9","16B","16B","15B","16B","17B"
,"Upper secondary and post-secondary non-tertiary","36B","35B","36B","32B","30B"
,"Tertiary education","48A","49A","49A","53B","53A"
"Nunavut","Below upper secondary 9","40B","37B","39B","41B","41B"
,"Upper secondary and post-secondary non-tertiary","24B","25B","23B","25B","26B"
,"Tertiary education","36B","39A","38B","34B","33A"

Symbol legend:
A, data quality: excellent
B, data quality: very good




Footnotes:
1,"Source: <a href="https://www23.statcan.gc.ca/imdb/p2SV.pl?Function=getSurvey&SDDS=3701" rel="external noopener noreferrer" target="_blank">Labour Force Survey (L.F.S.) (opens new window)</a>."
2,"This data table comes from the publication <a href=https://www150.statcan.gc.ca/n1/en/catalogue/81-582-X " rel="external noopener noreferrer" target="_blank">Education Indicators in Canada: the Pan-Canadian Education Indicators Program (opens new window)</a>, section D6: Educational attainment of the population aged 25 to 64. For a brief description of this indicator, including the methodology, please see the <a href=https://www150.statcan.gc.ca/n1/en/catalogue/81-582-G rel="external noopener noreferrer" target="_blank">Handbook for the Pan-Canadian Education Indicators Program (opens new window)</a>."
3,"Caution should be exercised in interpreting the provincial/territorial ratios and differences in ratios between provinces/territories and over time, as small estimates may present fairly high sampling variability. Estimates for small geographic areas, for small age groups or for cross-classified variables will be associated with larger variability."
4,"The data are based on a 12-month average from January to December."
5,"Most of the estimates contained in this table have been assigned a letter to indicate their coefficient of variation (c.v.) (expressed as a percentage). The letter grades represent the following coefficients of variation: A is used for a c.v. between or equal to 0.00% and 5.00% and means Excellent; B is used for a c.v. between or equal to 5.01% and 15.00% and means Very good; C is used for a c.v. between or equal to 15.01% and 25.00% and means Good; D is used for a c.v. between or equal to 25.01% and 35.00% and means Acceptable; E is used for a c.v. greater than 35.00% and means Use with caution."
6,"Adjustments are  made to Labour Force Survey (LFS) data every five years after new population estimates become available following the most recent census. At that time, all LFS data back to the previous census is re-weighted using the new population estimates (since the new population estimates will cover the inter-censal period between the two most recent censuses), and all corresponding historical LFS estimates are revised.  Therefore, at the beginning of 2021, all estimates were adjusted to reflect 2016 Census population counts and LFS estimates have been revised back to January 2006."
8,"Organization for Economic Co-operation and Development (OECD) 2024, Adults' educational attainment distribution, by age group and gender, <a href=https://data-explorer.oecd.org/vis?tm=educational%20attainment&pg=0&snb=30&df%5bds%5d=dsDisseminateFinalDMZ&df%5bid%5d=DSD_EAG_LSO_EA%40DF_LSO_NEAC_DISTR_EA&df%5bag%5d=OECD.EDU.IMEP&df%5bvs%5d=1.0&dq=OECD.M%2BF%2B_T.Y55T64%2BY45T54%2BY35T44%2BY25T34%2BY25T64.ISCED11A_8%2BISCED11A_7%2BISCED11A_6%2BISCED11A_5%2BISCED11A_4%2BISCED11A_3%2BISCED11A_2%2BISCED11A_1%2BISCED11A_0%2B_T%2BISCED11A_0T2..........OBS...A&pd=%2C&to%5bTIME_PERIOD%5d=true&ly%5bcl%5d=ATTAINMENT_LEV&ly%5brs%5d=TIME_PERIOD%2CAGE&ly%5brw%5d=SEX&vw=tb>OECD Data Explorer (opens new window)</a> (accessed on October 4, 2024)."
10,"Labour Force Survey (LFS) estimates for Canada are derived using results from the provinces. LFS results for the territories are not included in the national estimates. Difficulties exist with respect to reaching small communities in the territories, and there are areas that are excluded. As well, since the sample design, rotation pattern and reliability criteria are different from those in the 10 provinces, estimates for the territories are not included with the provincial totals, but are calculated and reported separately."
7,"The educational attainment level corresponds to the highest level of education an individual has attained. The designation of the different levels of schooling is based on the International Standard Classification of Education (ISCED-2011) (see the “ISCED classifications and descriptions” and the “Mapping to ISCED” sections for the Labour Force Survey [LFS] in Appendix 2 in the <a href=https://www150.statcan.gc.ca/n1/en/catalogue/81-582-G rel="external noopener noreferrer" target="_blank">Handbook for the Pan-Canadian Education Indicators Program (opens new window)</a>."
9,"Includes individuals with no education, or education below high school graduation."



"How to cite: Statistics Canada. Table 37-10-0130-01  Educational attainment of the population aged 25 to 64, by age group and sex, Organisation for Economic Co-operation and Development (OECD), Canada, provinces and territories"
https://www150.statcan.gc.ca/t1/tbl1/en/tv.action?pid=3710013001